step,loss,steps_per_s,lr
100,0.58646,3.04,2.00e-05
200,0.10763,3.76,4.00e-05
300,0.07665,4.15,6.00e-05
400,0.06817,4.15,8.00e-05
500,0.06394,3.31,1.00e-04
600,0.06349,3.68,1.00e-04
700,0.05500,3.55,1.00e-04
800,0.05368,3.79,1.00e-04
900,0.05444,3.44,1.00e-04
1000,0.05527,3.73,1.00e-04
1100,0.04952,3.51,1.00e-04
1200,0.05072,3.63,1.00e-04
1300,0.04991,3.33,1.00e-04
1400,0.04818,3.69,1.00e-04
1500,0.04643,3.72,1.00e-04
1600,0.04676,3.69,1.00e-04
1700,0.04494,3.42,1.00e-04
1800,0.04410,3.87,1.00e-04
1900,0.04293,3.74,1.00e-04
2000,0.04230,3.87,1.00e-04
2100,0.04199,3.19,1.00e-04
2200,0.04352,3.65,1.00e-04
2300,0.04143,3.30,1.00e-04
2400,0.04087,3.79,1.00e-04
2500,0.04136,3.52,1.00e-04
2600,0.04015,3.91,1.00e-04
2700,0.03963,3.58,1.00e-04
2800,0.03931,3.87,1.00e-04
2900,0.03947,3.50,1.00e-04
3000,0.03874,3.56,1.00e-04
3100,0.03826,3.65,1.00e-04
3200,0.03697,4.06,1.00e-04
3300,0.03934,3.65,1.00e-04
3400,0.03640,3.91,9.99e-05
3500,0.03567,3.35,9.99e-05
3600,0.03871,3.73,9.99e-05
3700,0.03438,3.26,9.99e-05
3800,0.03613,3.58,9.99e-05
3900,0.03386,3.75,9.99e-05
4000,0.03265,4.11,9.99e-05
4100,0.03447,3.71,9.99e-05
4200,0.03474,3.92,9.99e-05
4300,0.03313,3.87,9.99e-05
4400,0.03307,3.86,9.99e-05
4500,0.03400,3.37,9.99e-05
4600,0.03323,3.68,9.99e-05
4700,0.03152,3.54,9.99e-05
4800,0.03286,3.88,9.99e-05
4900,0.03328,3.64,9.99e-05
5000,0.03143,3.89,9.99e-05
5100,0.03239,3.59,9.99e-05
5200,0.03107,3.72,9.99e-05
5300,0.03079,3.16,9.99e-05
5400,0.03130,3.69,9.99e-05
5500,0.03082,3.76,9.98e-05
5600,0.02881,4.11,9.98e-05
5700,0.03038,3.67,9.98e-05
5800,0.03114,3.92,9.98e-05
5900,0.02808,3.77,9.98e-05
6000,0.02981,4.15,9.98e-05
6100,0.02966,3.73,9.98e-05
6200,0.02879,4.04,9.98e-05
6300,0.02876,3.59,9.98e-05
6400,0.02976,3.98,9.98e-05
6500,0.02876,3.58,9.98e-05
6600,0.02947,3.92,9.98e-05
6700,0.03079,3.70,9.98e-05
6800,0.02846,3.64,9.98e-05
6900,0.02869,3.19,9.97e-05
7000,0.02635,3.59,9.97e-05
7100,0.02857,3.46,9.97e-05
7200,0.02644,4.02,9.97e-05
7300,0.02605,3.71,9.97e-05
7400,0.02623,3.97,9.97e-05
7500,0.02707,3.73,9.97e-05
7600,0.02901,3.94,9.97e-05
7700,0.02738,3.60,9.97e-05
7800,0.02605,4.12,9.97e-05
7900,0.02564,3.92,9.97e-05
8000,0.02744,4.13,9.97e-05
8100,0.02537,3.72,9.96e-05
8200,0.02604,3.92,9.96e-05
8300,0.02662,3.75,9.96e-05
8400,0.02734,4.02,9.96e-05
8500,0.02520,3.70,9.96e-05
8600,0.02559,4.03,9.96e-05
8700,0.02654,4.02,9.96e-05
8800,0.02706,4.30,9.96e-05
8900,0.02419,3.85,9.96e-05
9000,0.02549,4.23,9.96e-05
9100,0.02488,4.04,9.95e-05
9200,0.02468,4.29,9.95e-05
9300,0.02796,3.87,9.95e-05
9400,0.02439,4.22,9.95e-05
9500,0.02461,4.03,9.95e-05
9600,0.02429,4.28,9.95e-05
9700,0.02501,3.87,9.95e-05
9800,0.02488,4.22,9.95e-05
9900,0.02514,4.05,9.95e-05
10000,0.02420,4.29,9.94e-05
10100,0.02376,3.90,9.94e-05
10200,0.02307,4.21,9.94e-05
10300,0.02411,4.07,9.94e-05
10400,0.02384,4.30,9.94e-05
10500,0.02447,3.88,9.94e-05
10600,0.02421,4.19,9.94e-05
10700,0.02436,4.04,9.94e-05
10800,0.02287,4.30,9.93e-05
10900,0.02414,3.61,9.93e-05
11000,0.02338,4.05,9.93e-05
11100,0.02489,4.15,9.93e-05
11200,0.02460,4.02,9.93e-05
11300,0.02422,3.55,9.93e-05
11400,0.02157,3.90,9.93e-05
11500,0.02368,3.67,9.93e-05
11600,0.02437,4.33,9.92e-05
11700,0.02280,4.05,9.92e-05
11800,0.02335,3.86,9.92e-05
11900,0.02300,3.53,9.92e-05
12000,0.02324,3.96,9.92e-05
12100,0.02255,3.40,9.92e-05
12200,0.02344,3.41,9.92e-05
12300,0.02232,3.60,9.91e-05
12400,0.02260,4.00,9.91e-05
12500,0.02192,3.44,9.91e-05
12600,0.02273,3.73,9.91e-05
12700,0.02169,3.47,9.91e-05
12800,0.02118,3.76,9.91e-05
12900,0.02180,3.49,9.90e-05
13000,0.02264,3.73,9.90e-05
13100,0.02195,3.57,9.90e-05
13200,0.02173,3.76,9.90e-05
13300,0.02123,3.43,9.90e-05
13400,0.02023,3.85,9.90e-05
13500,0.02215,3.59,9.90e-05
13600,0.01960,3.80,9.89e-05
13700,0.02039,3.47,9.89e-05
13800,0.02060,3.74,9.89e-05
13900,0.02183,3.83,9.89e-05
14000,0.02086,4.11,9.89e-05
14100,0.02085,3.73,9.89e-05
14200,0.02036,4.01,9.88e-05
14300,0.02195,3.84,9.88e-05
14400,0.02212,3.85,9.88e-05
14500,0.01937,3.27,9.88e-05
14600,0.01995,3.49,9.88e-05
14700,0.02045,3.42,9.88e-05
14800,0.02107,3.47,9.87e-05
14900,0.02063,3.35,9.87e-05
15000,0.01992,3.60,9.87e-05
15100,0.02139,3.61,9.87e-05
15200,0.02031,3.78,9.87e-05
15300,0.02097,3.50,9.86e-05
15400,0.01976,3.79,9.86e-05
15500,0.01886,3.68,9.86e-05
15600,0.02070,3.79,9.86e-05
15700,0.01988,3.45,9.86e-05
15800,0.01986,3.68,9.86e-05
15900,0.02008,3.57,9.85e-05
16000,0.02067,3.77,9.85e-05
16100,0.02087,3.61,9.85e-05
16200,0.02034,3.85,9.85e-05
16300,0.02052,3.61,9.85e-05
16400,0.01973,3.72,9.84e-05
16500,0.01893,3.23,9.84e-05
16600,0.02035,3.63,9.84e-05
16700,0.01987,3.35,9.84e-05
16800,0.02000,3.70,9.84e-05
16900,0.01965,3.34,9.83e-05
17000,0.01932,3.68,9.83e-05
17100,0.01861,3.34,9.83e-05
17200,0.01926,3.57,9.83e-05
17300,0.01980,3.37,9.83e-05
17400,0.01865,3.65,9.82e-05
17500,0.01766,3.40,9.82e-05
17600,0.01908,3.68,9.82e-05
17700,0.01865,3.33,9.82e-05
17800,0.01866,3.76,9.82e-05
17900,0.01842,3.64,9.81e-05
18000,0.01931,3.88,9.81e-05
18100,0.01888,3.52,9.81e-05
18200,0.01917,3.79,9.81e-05
18300,0.01861,3.57,9.80e-05
18400,0.01768,3.94,9.80e-05
18500,0.01777,3.57,9.80e-05
18600,0.01969,3.79,9.80e-05
18700,0.01851,3.56,9.80e-05
18800,0.01821,3.91,9.79e-05
18900,0.01939,3.33,9.79e-05
19000,0.01900,3.45,9.79e-05
19100,0.01832,3.52,9.79e-05
19200,0.01839,3.96,9.78e-05
19300,0.01752,3.57,9.78e-05
19400,0.01759,3.75,9.78e-05
19500,0.01781,3.64,9.78e-05
19600,0.01944,3.72,9.78e-05
19700,0.01896,3.45,9.77e-05
19800,0.01752,3.84,9.77e-05
19900,0.01841,3.56,9.77e-05
20000,0.01864,3.88,9.77e-05
20100,0.01771,3.46,9.76e-05
20200,0.01782,3.85,9.76e-05
20300,0.01686,3.57,9.76e-05
20400,0.01889,3.90,9.76e-05
20500,0.01775,3.55,9.75e-05
20600,0.01854,3.90,9.75e-05
20700,0.01728,3.58,9.75e-05
20800,0.01685,3.92,9.75e-05
20900,0.01911,3.59,9.74e-05
21000,0.01814,3.93,9.74e-05
21100,0.01690,3.68,9.74e-05
21200,0.01781,3.98,9.74e-05
21300,0.01726,3.31,9.73e-05
21400,0.01708,3.84,9.73e-05
21500,0.01838,3.59,9.73e-05
21600,0.01802,3.91,9.73e-05
21700,0.01785,3.56,9.72e-05
21800,0.01823,3.85,9.72e-05
21900,0.01826,3.62,9.72e-05
22000,0.01859,3.82,9.72e-05
22100,0.01616,3.36,9.71e-05
22200,0.01777,2.99,9.71e-05
22300,0.01701,3.18,9.71e-05
22400,0.01724,3.79,9.71e-05
22500,0.01718,3.45,9.70e-05
22600,0.01654,3.87,9.70e-05
22700,0.01670,3.65,9.70e-05
22800,0.01719,3.76,9.69e-05
22900,0.01798,3.55,9.69e-05
23000,0.01841,3.83,9.69e-05
23100,0.01691,3.66,9.69e-05
23200,0.01723,3.86,9.68e-05
23300,0.01709,3.38,9.68e-05
23400,0.01793,3.63,9.68e-05
23500,0.01746,3.55,9.68e-05
23600,0.01629,3.81,9.67e-05
23700,0.01665,3.51,9.67e-05
23800,0.01593,3.87,9.67e-05
23900,0.01773,3.64,9.66e-05
24000,0.01589,3.78,9.66e-05
24100,0.01661,3.49,9.66e-05
24200,0.01632,3.65,9.66e-05
24300,0.01866,3.63,9.65e-05
24400,0.01624,3.82,9.65e-05
24500,0.01677,3.49,9.65e-05
24600,0.01599,3.71,9.64e-05
24700,0.01696,3.54,9.64e-05
24800,0.01701,3.71,9.64e-05
24900,0.01691,3.29,9.64e-05
25000,0.01569,3.66,9.63e-05
25100,0.01710,3.45,9.63e-05
25200,0.01523,3.54,9.63e-05
25300,0.01680,3.19,9.62e-05
25400,0.01560,3.51,9.62e-05
25500,0.01642,3.42,9.62e-05
25600,0.01658,3.63,9.61e-05
25700,0.01630,3.29,9.61e-05
25800,0.01559,3.37,9.61e-05
25900,0.01710,3.31,9.61e-05
26000,0.01611,3.55,9.60e-05
26100,0.01754,3.20,9.60e-05
26200,0.01656,3.40,9.60e-05
26300,0.01706,3.47,9.59e-05
26400,0.01541,3.63,9.59e-05
26500,0.01596,3.63,9.59e-05
26600,0.01509,4.01,9.58e-05
26700,0.01686,3.81,9.58e-05
26800,0.01590,3.71,9.58e-05
26900,0.01655,3.34,9.57e-05
27000,0.01543,3.60,9.57e-05
27100,0.01572,3.52,9.57e-05
27200,0.01680,3.62,9.56e-05
27300,0.01544,3.10,9.56e-05
27400,0.01509,3.40,9.56e-05
27500,0.01615,3.36,9.55e-05
27600,0.01562,3.82,9.55e-05
27700,0.01552,3.34,9.55e-05
27800,0.01574,3.52,9.55e-05
27900,0.01630,3.37,9.54e-05
28000,0.01510,3.66,9.54e-05
28100,0.01459,3.22,9.54e-05
28200,0.01493,3.50,9.53e-05
28300,0.01471,3.05,9.53e-05
28400,0.01568,3.23,9.53e-05
28500,0.01449,2.96,9.52e-05
28600,0.01588,3.11,9.52e-05
28700,0.01472,3.10,9.52e-05
28800,0.01554,3.21,9.51e-05
28900,0.01558,2.78,9.51e-05
29000,0.01566,3.12,9.50e-05
29100,0.01481,3.10,9.50e-05
29200,0.01551,3.55,9.50e-05
29300,0.01491,3.37,9.49e-05
29400,0.01496,3.70,9.49e-05
29500,0.01513,3.16,9.49e-05
29600,0.01506,3.83,9.48e-05
29700,0.01521,3.49,9.48e-05
29800,0.01480,3.80,9.48e-05
29900,0.01580,3.60,9.47e-05
30000,0.01414,3.89,9.47e-05
30100,0.01451,3.50,9.47e-05
30200,0.01482,3.79,9.46e-05
30300,0.01435,3.70,9.46e-05
30400,0.01601,3.94,9.46e-05
30500,0.01498,3.52,9.45e-05
30600,0.01473,3.71,9.45e-05
30700,0.01442,3.61,9.45e-05
30800,0.01465,3.80,9.44e-05
30900,0.01470,3.41,9.44e-05
31000,0.01492,3.72,9.43e-05
31100,0.01383,3.69,9.43e-05
31200,0.01551,4.10,9.43e-05
31300,0.01530,3.59,9.42e-05
31400,0.01496,3.93,9.42e-05
31500,0.01567,3.87,9.42e-05
31600,0.01456,4.11,9.41e-05
31700,0.01475,3.75,9.41e-05
31800,0.01521,4.10,9.40e-05
31900,0.01461,3.91,9.40e-05
32000,0.01489,4.17,9.40e-05
32100,0.01468,3.74,9.39e-05
32200,0.01603,4.05,9.39e-05
32300,0.01379,3.89,9.39e-05
32400,0.01482,4.13,9.38e-05
32500,0.01493,3.66,9.38e-05
32600,0.01480,3.93,9.37e-05
32700,0.01465,3.86,9.37e-05
32800,0.01449,3.93,9.37e-05
32900,0.01493,3.68,9.36e-05
33000,0.01533,4.02,9.36e-05
33100,0.01471,3.83,9.36e-05
33200,0.01472,3.89,9.35e-05
33300,0.01483,3.65,9.35e-05
33400,0.01561,4.00,9.34e-05
33500,0.01467,3.85,9.34e-05
33600,0.01347,3.89,9.34e-05
33700,0.01404,3.45,9.33e-05
33800,0.01502,3.74,9.33e-05
33900,0.01478,3.64,9.32e-05
34000,0.01554,3.93,9.32e-05
34100,0.01484,3.66,9.32e-05
34200,0.01547,4.01,9.31e-05
34300,0.01552,3.85,9.31e-05
34400,0.01400,3.80,9.30e-05
34500,0.01525,3.35,9.30e-05
34600,0.01313,3.66,9.30e-05
34700,0.01360,3.62,9.29e-05
34800,0.01454,4.01,9.29e-05
34900,0.01406,3.50,9.28e-05
35000,0.01524,3.87,9.28e-05
35100,0.01495,3.64,9.28e-05
35200,0.01422,3.86,9.27e-05
35300,0.01365,3.51,9.27e-05
35400,0.01419,3.85,9.26e-05
35500,0.01453,3.70,9.26e-05
35600,0.01403,3.95,9.26e-05
35700,0.01345,3.66,9.25e-05
35800,0.01363,4.01,9.25e-05
35900,0.01440,3.83,9.24e-05
36000,0.01452,3.96,9.24e-05
36100,0.01434,3.73,9.23e-05
36200,0.01358,4.07,9.23e-05
36300,0.01369,3.86,9.23e-05
36400,0.01251,4.07,9.22e-05
36500,0.01288,3.57,9.22e-05
36600,0.01354,4.00,9.21e-05
36700,0.01434,3.77,9.21e-05
36800,0.01374,3.93,9.21e-05
36900,0.01416,3.53,9.20e-05
37000,0.01390,3.76,9.20e-05
37100,0.01327,3.69,9.19e-05
37200,0.01480,4.00,9.19e-05
37300,0.01455,3.68,9.18e-05
37400,0.01351,4.01,9.18e-05
37500,0.01408,3.81,9.18e-05
37600,0.01348,4.09,9.17e-05
37700,0.01314,3.69,9.17e-05
37800,0.01394,3.98,9.16e-05
37900,0.01488,3.70,9.16e-05
38000,0.01323,4.03,9.15e-05
38100,0.01222,3.68,9.15e-05
38200,0.01276,4.01,9.14e-05
38300,0.01376,3.83,9.14e-05
38400,0.01346,4.06,9.14e-05
38500,0.01366,3.67,9.13e-05
38600,0.01404,3.99,9.13e-05
38700,0.01372,3.86,9.12e-05
38800,0.01362,4.06,9.12e-05
38900,0.01427,3.68,9.11e-05
39000,0.01313,3.96,9.11e-05
39100,0.01427,3.82,9.10e-05
39200,0.01355,4.04,9.10e-05
39300,0.01388,3.61,9.10e-05
39400,0.01298,3.98,9.09e-05
39500,0.01388,3.84,9.09e-05
39600,0.01441,4.09,9.08e-05
39700,0.01399,3.69,9.08e-05
39800,0.01427,4.04,9.07e-05
39900,0.01265,3.80,9.07e-05
40000,0.01311,4.05,9.06e-05
40100,0.01435,3.60,9.06e-05
40200,0.01402,3.89,9.05e-05
40300,0.01406,3.60,9.05e-05
40400,0.01378,3.93,9.05e-05
40500,0.01367,3.58,9.04e-05
40600,0.01401,3.92,9.04e-05
40700,0.01341,3.79,9.03e-05
40800,0.01416,4.05,9.03e-05
40900,0.01300,3.60,9.02e-05
41000,0.01302,3.94,9.02e-05
41100,0.01272,3.83,9.01e-05
41200,0.01223,4.03,9.01e-05
41300,0.01301,3.62,9.00e-05
41400,0.01340,3.97,9.00e-05
41500,0.01336,3.77,8.99e-05
41600,0.01295,3.96,8.99e-05
41700,0.01301,3.64,8.98e-05
41800,0.01249,3.92,8.98e-05
41900,0.01450,3.78,8.97e-05
42000,0.01345,4.03,8.97e-05
42100,0.01235,3.60,8.96e-05
42200,0.01325,4.00,8.96e-05
42300,0.01340,3.67,8.96e-05
42400,0.01300,4.01,8.95e-05
42500,0.01274,3.62,8.95e-05
42600,0.01357,4.00,8.94e-05
42700,0.01213,3.76,8.94e-05
42800,0.01294,4.02,8.93e-05
42900,0.01211,3.67,8.93e-05
43000,0.01305,3.95,8.92e-05
43100,0.01222,3.65,8.92e-05
43200,0.01277,4.04,8.91e-05
43300,0.01328,3.65,8.91e-05
43400,0.01151,3.96,8.90e-05
43500,0.01265,3.84,8.90e-05
43600,0.01292,4.06,8.89e-05
43700,0.01213,3.49,8.89e-05
43800,0.01409,3.83,8.88e-05
43900,0.01296,3.81,8.88e-05
44000,0.01261,4.06,8.87e-05
44100,0.01317,3.57,8.87e-05
44200,0.01322,3.95,8.86e-05
44300,0.01260,3.80,8.86e-05
44400,0.01268,4.06,8.85e-05
44500,0.01342,3.62,8.85e-05
44600,0.01314,3.90,8.84e-05
44700,0.01367,3.87,8.84e-05
44800,0.01252,4.04,8.83e-05
44900,0.01397,3.54,8.83e-05
45000,0.01256,3.85,8.82e-05
45100,0.01344,3.74,8.82e-05
45200,0.01319,4.01,8.81e-05
45300,0.01320,3.71,8.81e-05
45400,0.01245,4.05,8.80e-05
45500,0.01237,3.85,8.80e-05
45600,0.01238,3.99,8.79e-05
45700,0.01171,3.43,8.79e-05
45800,0.01289,3.58,8.78e-05
45900,0.01289,3.68,8.78e-05
46000,0.01155,3.97,8.77e-05
46100,0.01252,3.36,8.77e-05
46200,0.01197,3.70,8.76e-05
46300,0.01319,3.46,8.75e-05
46400,0.01247,3.94,8.75e-05
46500,0.01222,3.42,8.74e-05
46600,0.01272,3.79,8.74e-05
46700,0.01244,3.82,8.73e-05
46800,0.01197,3.99,8.73e-05
46900,0.01223,3.64,8.72e-05
47000,0.01293,3.96,8.72e-05
47100,0.01266,3.79,8.71e-05
47200,0.01123,4.08,8.71e-05
47300,0.01192,3.60,8.70e-05
47400,0.01188,3.96,8.70e-05
47500,0.01290,3.70,8.69e-05
47600,0.01262,4.02,8.69e-05
47700,0.01264,3.66,8.68e-05
47800,0.01247,3.96,8.68e-05
47900,0.01351,3.78,8.67e-05
48000,0.01095,4.05,8.67e-05
48100,0.01195,3.58,8.66e-05
48200,0.01197,3.89,8.65e-05
48300,0.01231,3.80,8.65e-05
48400,0.01252,3.76,8.64e-05
48500,0.01241,3.53,8.64e-05
48600,0.01139,3.78,8.63e-05
48700,0.01162,3.70,8.63e-05
48800,0.01172,3.86,8.62e-05
48900,0.01331,3.51,8.62e-05
49000,0.01127,3.86,8.61e-05
49100,0.01255,3.72,8.61e-05
49200,0.01150,3.94,8.60e-05
49300,0.01217,3.47,8.59e-05
49400,0.01213,3.83,8.59e-05
49500,0.01236,3.66,8.58e-05
49600,0.01310,3.97,8.58e-05
49700,0.01194,3.65,8.57e-05
49800,0.01211,3.97,8.57e-05
49900,0.01167,3.82,8.56e-05
50000,0.01151,4.08,8.56e-05
50100,0.01193,3.49,8.55e-05
50200,0.01273,3.97,8.55e-05
50300,0.01235,3.82,8.54e-05
50400,0.01259,4.07,8.53e-05
50500,0.01207,3.62,8.53e-05
50600,0.01196,3.97,8.52e-05
50700,0.01132,3.86,8.52e-05
50800,0.01199,4.07,8.51e-05
50900,0.01243,3.67,8.51e-05
51000,0.01250,3.99,8.50e-05
51100,0.01140,3.84,8.49e-05
51200,0.01075,3.92,8.49e-05
51300,0.01249,3.48,8.48e-05
51400,0.01318,3.70,8.48e-05
51500,0.01247,3.60,8.47e-05
51600,0.01170,3.90,8.47e-05
51700,0.01148,3.71,8.46e-05
51800,0.01153,4.01,8.46e-05
51900,0.01152,3.87,8.45e-05
52000,0.01180,4.04,8.44e-05
52100,0.01147,3.65,8.44e-05
52200,0.01101,3.99,8.43e-05
52300,0.01054,3.81,8.43e-05
52400,0.01168,4.08,8.42e-05
52500,0.01234,3.72,8.42e-05
52600,0.01266,3.98,8.41e-05
52700,0.01201,3.85,8.40e-05
52800,0.01163,4.07,8.40e-05
52900,0.01323,3.71,8.39e-05
53000,0.01269,4.19,8.39e-05
53100,0.01212,3.92,8.38e-05
53200,0.01182,4.20,8.37e-05
53300,0.01143,3.77,8.37e-05
53400,0.01194,4.19,8.36e-05
53500,0.01205,3.79,8.36e-05
53600,0.01053,3.96,8.35e-05
53700,0.01156,3.72,8.35e-05
53800,0.01089,4.05,8.34e-05
53900,0.01096,3.99,8.33e-05
54000,0.01109,4.16,8.33e-05
54100,0.01197,3.44,8.32e-05
54200,0.01233,4.11,8.32e-05
54300,0.01119,4.02,8.31e-05
54400,0.01029,4.24,8.30e-05
54500,0.01200,3.86,8.30e-05
54600,0.01146,4.19,8.29e-05
54700,0.01127,3.98,8.29e-05
54800,0.01193,4.14,8.28e-05
54900,0.01195,3.71,8.27e-05
55000,0.01187,4.00,8.27e-05
55100,0.01244,3.86,8.26e-05
55200,0.01131,4.23,8.26e-05
55300,0.01134,3.76,8.25e-05
55400,0.01072,4.24,8.24e-05
55500,0.01116,4.00,8.24e-05
55600,0.01078,4.12,8.23e-05
55700,0.01162,3.49,8.23e-05
55800,0.01069,4.09,8.22e-05
55900,0.01149,3.97,8.21e-05
56000,0.01174,4.19,8.21e-05
56100,0.01041,3.72,8.20e-05
56200,0.01141,4.21,8.20e-05
56300,0.01150,4.02,8.19e-05
56400,0.01096,4.16,8.18e-05
56500,0.01176,3.85,8.18e-05
56600,0.01146,4.17,8.17e-05
56700,0.01213,3.84,8.17e-05
56800,0.01043,4.01,8.16e-05
56900,0.01036,3.66,8.15e-05
57000,0.01156,3.95,8.15e-05
57100,0.01079,3.60,8.14e-05
57200,0.01170,3.80,8.14e-05
57300,0.01203,3.58,8.13e-05
57400,0.01226,3.98,8.12e-05
57500,0.01136,3.86,8.12e-05
57600,0.01011,4.00,8.11e-05
57700,0.01034,3.68,8.11e-05
57800,0.01174,4.05,8.10e-05
57900,0.01115,3.85,8.09e-05
58000,0.01206,4.10,8.09e-05
58100,0.01034,3.70,8.08e-05
58200,0.00952,4.01,8.07e-05
58300,0.01080,3.91,8.07e-05
58400,0.01052,4.08,8.06e-05
58500,0.01128,3.71,8.06e-05
58600,0.01057,4.02,8.05e-05
58700,0.01208,3.78,8.04e-05
58800,0.01099,4.09,8.04e-05
58900,0.01121,3.69,8.03e-05
59000,0.01293,4.01,8.02e-05
59100,0.01197,3.86,8.02e-05
59200,0.01114,3.95,8.01e-05
59300,0.01054,3.72,8.01e-05
59400,0.01052,4.01,8.00e-05
59500,0.01063,3.88,7.99e-05
59600,0.01048,4.12,7.99e-05
59700,0.01081,3.59,7.98e-05
59800,0.01058,4.03,7.97e-05
59900,0.01068,3.87,7.97e-05
60000,0.01096,4.08,7.96e-05
60100,0.01018,3.68,7.95e-05
60200,0.01108,4.02,7.95e-05
60300,0.01136,3.79,7.94e-05
60400,0.01094,4.11,7.94e-05
60500,0.01125,3.56,7.93e-05
60600,0.01077,3.91,7.92e-05
60700,0.01117,3.86,7.92e-05
60800,0.01024,4.08,7.91e-05
60900,0.01057,3.73,7.90e-05
61000,0.01110,4.05,7.90e-05
61100,0.01022,3.89,7.89e-05
61200,0.01146,3.70,7.88e-05
61300,0.01033,3.50,7.88e-05
61400,0.01132,3.96,7.87e-05
61500,0.01056,3.87,7.87e-05
61600,0.01110,3.95,7.86e-05
61700,0.01099,3.50,7.85e-05
61800,0.01071,3.93,7.85e-05
61900,0.01086,3.76,7.84e-05
62000,0.01120,3.94,7.83e-05
62100,0.01024,3.59,7.83e-05
62200,0.01127,3.93,7.82e-05
62300,0.00981,3.83,7.81e-05
62400,0.00965,4.11,7.81e-05
62500,0.01022,3.72,7.80e-05
62600,0.01039,4.03,7.79e-05
62700,0.01079,3.87,7.79e-05
62800,0.01007,4.00,7.78e-05
62900,0.01067,3.63,7.77e-05
63000,0.01078,3.77,7.77e-05
63100,0.01112,3.71,7.76e-05
63200,0.01002,3.94,7.75e-05
63300,0.01041,3.54,7.75e-05
63400,0.01132,3.83,7.74e-05
63500,0.01109,3.70,7.73e-05
63600,0.01055,3.94,7.73e-05
63700,0.01013,3.54,7.72e-05
63800,0.01088,3.82,7.71e-05
63900,0.01025,3.78,7.71e-05
64000,0.00999,4.13,7.70e-05
64100,0.01058,3.77,7.70e-05
64200,0.01050,4.07,7.69e-05
64300,0.01006,3.91,7.68e-05
64400,0.01088,4.09,7.68e-05
64500,0.01063,3.74,7.67e-05
64600,0.01235,4.07,7.66e-05
64700,0.01078,3.89,7.66e-05
64800,0.01009,4.12,7.65e-05
64900,0.01126,3.74,7.64e-05
65000,0.01009,4.06,7.64e-05
65100,0.00995,3.91,7.63e-05
65200,0.01127,4.15,7.62e-05
65300,0.01073,3.72,7.62e-05
65400,0.01008,3.94,7.61e-05
65500,0.00963,3.77,7.60e-05
65600,0.00970,4.00,7.59e-05
65700,0.01022,3.63,7.59e-05
65800,0.01058,3.91,7.58e-05
65900,0.01040,3.79,7.57e-05
66000,0.00940,3.86,7.57e-05
66100,0.00917,3.48,7.56e-05
66200,0.00947,3.74,7.55e-05
66300,0.01040,3.73,7.55e-05
66400,0.01155,3.93,7.54e-05
66500,0.01024,3.45,7.53e-05
66600,0.01071,3.93,7.53e-05
66700,0.00989,3.77,7.52e-05
66800,0.01007,3.98,7.51e-05
66900,0.00953,3.59,7.51e-05
67000,0.00995,3.87,7.50e-05
67100,0.01014,3.71,7.49e-05
67200,0.01016,4.02,7.49e-05
67300,0.01043,3.60,7.48e-05
67400,0.00967,3.86,7.47e-05
67500,0.01042,3.70,7.47e-05
67600,0.01023,4.00,7.46e-05
67700,0.01122,3.61,7.45e-05
67800,0.01005,3.90,7.45e-05
67900,0.00930,3.78,7.44e-05
68000,0.01092,3.90,7.43e-05
68100,0.00968,3.48,7.42e-05
68200,0.01055,3.91,7.42e-05
68300,0.01014,3.65,7.41e-05
68400,0.00997,3.79,7.40e-05
68500,0.01041,3.57,7.40e-05
68600,0.00978,3.73,7.39e-05
68700,0.01005,3.59,7.38e-05
68800,0.01003,3.78,7.38e-05
68900,0.01003,3.44,7.37e-05
69000,0.01036,3.83,7.36e-05
69100,0.01046,3.79,7.36e-05
69200,0.00961,3.96,7.35e-05
69300,0.00945,3.65,7.34e-05
69400,0.00962,4.01,7.33e-05
69500,0.00984,3.79,7.33e-05
69600,0.00998,4.04,7.32e-05
69700,0.00858,3.62,7.31e-05
69800,0.00929,3.99,7.31e-05
69900,0.00978,3.86,7.30e-05
70000,0.00951,4.03,7.29e-05
70100,0.00988,3.80,7.29e-05
70200,0.00940,4.06,7.28e-05
70300,0.00936,3.93,7.27e-05
70400,0.01060,4.07,7.26e-05
70500,0.01021,3.71,7.26e-05
70600,0.00900,4.03,7.25e-05
70700,0.01011,3.90,7.24e-05
70800,0.01084,4.07,7.24e-05
70900,0.00986,3.61,7.23e-05
71000,0.00978,3.94,7.22e-05
71100,0.00973,3.86,7.22e-05
71200,0.01038,3.89,7.21e-05
71300,0.01017,3.48,7.20e-05
71400,0.00927,3.87,7.19e-05
71500,0.00878,3.75,7.19e-05
71600,0.00963,3.96,7.18e-05
71700,0.00906,3.60,7.17e-05
71800,0.00996,3.82,7.17e-05
71900,0.00879,3.75,7.16e-05
72000,0.01006,4.03,7.15e-05
72100,0.00839,3.62,7.14e-05
72200,0.00966,3.96,7.14e-05
72300,0.00932,3.79,7.13e-05
72400,0.01004,3.99,7.12e-05
72500,0.00923,3.59,7.12e-05
72600,0.00975,3.88,7.11e-05
72700,0.00996,3.74,7.10e-05
72800,0.00896,3.97,7.09e-05
72900,0.00903,3.58,7.09e-05
73000,0.00886,3.84,7.08e-05
73100,0.00923,3.69,7.07e-05
73200,0.00936,4.00,7.07e-05
73300,0.00918,3.69,7.06e-05
73400,0.00910,4.04,7.05e-05
73500,0.00935,3.82,7.04e-05
73600,0.01046,3.92,7.04e-05
73700,0.00975,3.53,7.03e-05
73800,0.00975,3.98,7.02e-05
73900,0.00971,3.74,7.02e-05
74000,0.01002,3.96,7.01e-05
74100,0.00986,3.74,7.00e-05
74200,0.01009,4.00,6.99e-05
74300,0.00987,3.89,6.99e-05
74400,0.00960,4.06,6.98e-05
74500,0.00915,3.67,6.97e-05
74600,0.00832,4.00,6.97e-05
74700,0.00932,3.87,6.96e-05
74800,0.00974,4.21,6.95e-05
74900,0.00970,3.82,6.94e-05
75000,0.00927,4.10,6.94e-05
75100,0.00845,3.99,6.93e-05
75200,0.00921,4.20,6.92e-05
75300,0.00907,3.79,6.91e-05
75400,0.00941,4.12,6.91e-05
75500,0.00948,3.97,6.90e-05
75600,0.00908,4.20,6.89e-05
75700,0.00947,3.78,6.89e-05
75800,0.00947,4.09,6.88e-05
75900,0.00950,3.95,6.87e-05
76000,0.00908,4.20,6.86e-05
76100,0.00994,3.79,6.86e-05
76200,0.00961,4.13,6.85e-05
76300,0.00940,3.97,6.84e-05
76400,0.00938,4.20,6.83e-05
76500,0.00924,3.78,6.83e-05
76600,0.00941,4.10,6.82e-05
76700,0.00984,3.95,6.81e-05
76800,0.00902,4.17,6.80e-05
76900,0.00888,3.84,6.80e-05
77000,0.00900,4.13,6.79e-05
77100,0.00931,4.03,6.78e-05
77200,0.00802,4.17,6.78e-05
77300,0.00886,3.84,6.77e-05
77400,0.00933,4.19,6.76e-05
77500,0.00930,4.04,6.75e-05
77600,0.00915,4.28,6.75e-05
77700,0.00961,3.87,6.74e-05
77800,0.01013,4.20,6.73e-05
77900,0.00873,4.00,6.72e-05
78000,0.00921,4.25,6.72e-05
78100,0.00937,3.85,6.71e-05
78200,0.00916,4.19,6.70e-05
78300,0.00864,4.01,6.69e-05
78400,0.00864,4.27,6.69e-05
78500,0.00884,3.85,6.68e-05
78600,0.00892,4.18,6.67e-05
78700,0.00902,4.01,6.66e-05
78800,0.00990,4.24,6.66e-05
78900,0.00935,3.83,6.65e-05
79000,0.00874,4.19,6.64e-05
79100,0.01073,4.04,6.63e-05
79200,0.00826,4.27,6.63e-05
79300,0.00848,3.86,6.62e-05
79400,0.00900,4.18,6.61e-05
79500,0.00828,4.02,6.60e-05
79600,0.00932,4.29,6.60e-05
79700,0.00953,3.88,6.59e-05
79800,0.00887,4.14,6.58e-05
79900,0.00860,4.01,6.58e-05
80000,0.00860,4.25,6.57e-05
80100,0.00867,3.83,6.56e-05
80200,0.00887,4.16,6.55e-05
80300,0.00947,4.02,6.55e-05
80400,0.00895,4.26,6.54e-05
80500,0.00903,3.88,6.53e-05
80600,0.00848,4.20,6.52e-05
80700,0.00886,3.99,6.52e-05
80800,0.00873,4.28,6.51e-05
80900,0.00859,3.86,6.50e-05
81000,0.00776,4.19,6.49e-05
81100,0.00926,4.01,6.49e-05
81200,0.00927,4.28,6.48e-05
81300,0.00794,3.87,6.47e-05
81400,0.00967,4.19,6.46e-05
81500,0.00915,4.05,6.45e-05
81600,0.00857,4.26,6.45e-05
81700,0.00900,3.84,6.44e-05
81800,0.00848,4.19,6.43e-05
81900,0.00959,4.01,6.42e-05
82000,0.00843,4.28,6.42e-05
82100,0.00861,3.88,6.41e-05
82200,0.00867,4.16,6.40e-05
82300,0.00867,4.04,6.39e-05
82400,0.00952,4.27,6.39e-05
82500,0.00867,3.84,6.38e-05
82600,0.00842,4.20,6.37e-05
82700,0.00893,4.04,6.36e-05
82800,0.00803,4.27,6.36e-05
82900,0.00893,3.87,6.35e-05
83000,0.00816,4.16,6.34e-05
83100,0.00905,4.03,6.33e-05
83200,0.00885,4.22,6.33e-05
83300,0.00811,3.87,6.32e-05
83400,0.00833,4.15,6.31e-05
83500,0.00815,3.99,6.30e-05
83600,0.00858,4.26,6.30e-05
83700,0.00895,3.86,6.29e-05
83800,0.00890,4.17,6.28e-05
83900,0.00795,4.01,6.27e-05
84000,0.00863,4.23,6.27e-05
84100,0.00944,3.84,6.26e-05
84200,0.00872,4.23,6.25e-05
84300,0.00864,4.01,6.24e-05
84400,0.00837,4.25,6.24e-05
84500,0.00909,3.83,6.23e-05
84600,0.00871,4.21,6.22e-05
84700,0.00819,3.98,6.21e-05
84800,0.00832,4.24,6.20e-05
84900,0.00887,3.86,6.20e-05
85000,0.00876,4.15,6.19e-05
85100,0.00846,4.01,6.18e-05
85200,0.00871,4.21,6.17e-05
85300,0.00858,3.81,6.17e-05
85400,0.00979,4.15,6.16e-05
85500,0.00884,4.01,6.15e-05
85600,0.00898,4.21,6.14e-05
85700,0.00815,3.81,6.14e-05
85800,0.00886,4.16,6.13e-05
85900,0.00817,4.02,6.12e-05
86000,0.00774,4.20,6.11e-05
86100,0.00736,3.83,6.10e-05
86200,0.00907,4.13,6.10e-05
86300,0.00895,4.00,6.09e-05
86400,0.00915,4.23,6.08e-05
86500,0.00749,3.83,6.07e-05
86600,0.00711,4.16,6.07e-05
86700,0.00859,4.01,6.06e-05
86800,0.00760,4.18,6.05e-05
86900,0.00848,3.82,6.04e-05
87000,0.00937,4.15,6.04e-05
87100,0.00863,4.02,6.03e-05
87200,0.00862,4.21,6.02e-05
87300,0.00847,3.81,6.01e-05
87400,0.00869,4.16,6.00e-05
87500,0.00776,4.00,6.00e-05
87600,0.00771,4.20,5.99e-05
87700,0.00825,3.82,5.98e-05
87800,0.00875,4.12,5.97e-05
87900,0.00881,3.99,5.97e-05
88000,0.00839,4.23,5.96e-05
88100,0.00838,3.84,5.95e-05
88200,0.00821,4.16,5.94e-05
88300,0.00911,3.99,5.94e-05
88400,0.00848,4.17,5.93e-05
88500,0.00863,3.82,5.92e-05
88600,0.00867,4.15,5.91e-05
88700,0.00848,3.96,5.90e-05
88800,0.00839,4.24,5.90e-05
88900,0.00845,3.84,5.89e-05
89000,0.00826,4.17,5.88e-05
89100,0.00756,3.94,5.87e-05
89200,0.00839,4.24,5.87e-05
89300,0.00755,3.85,5.86e-05
89400,0.00777,4.14,5.85e-05
89500,0.00853,4.01,5.84e-05
89600,0.00879,4.19,5.83e-05
89700,0.00760,3.82,5.83e-05
89800,0.00799,4.15,5.82e-05
89900,0.00805,4.00,5.81e-05
90000,0.00742,4.22,5.80e-05
90100,0.00810,3.86,5.80e-05
90200,0.00938,4.17,5.79e-05
90300,0.00803,4.02,5.78e-05
90400,0.00803,4.20,5.77e-05
90500,0.00741,3.84,5.76e-05
90600,0.00860,4.18,5.76e-05
90700,0.00852,4.02,5.75e-05
90800,0.00775,4.23,5.74e-05
90900,0.00794,3.86,5.73e-05
91000,0.00745,4.19,5.73e-05
91100,0.00826,4.02,5.72e-05
91200,0.00801,4.19,5.71e-05
91300,0.00831,3.77,5.70e-05
91400,0.00880,4.16,5.69e-05
91500,0.00792,4.01,5.69e-05
91600,0.00725,4.24,5.68e-05
91700,0.00737,3.81,5.67e-05
91800,0.00831,4.15,5.66e-05
91900,0.00850,4.01,5.66e-05
92000,0.00772,4.23,5.65e-05
92100,0.00778,3.82,5.64e-05
92200,0.00755,4.14,5.63e-05
92300,0.00773,3.99,5.62e-05
92400,0.00828,4.23,5.62e-05
92500,0.00813,3.81,5.61e-05
92600,0.00852,4.13,5.60e-05
92700,0.00801,3.99,5.59e-05
92800,0.00811,4.20,5.59e-05
92900,0.00781,3.84,5.58e-05
93000,0.00809,4.19,5.57e-05
93100,0.00760,3.97,5.56e-05
93200,0.00758,4.26,5.55e-05
93300,0.00813,3.82,5.55e-05
93400,0.00853,4.17,5.54e-05
93500,0.00790,4.00,5.53e-05
93600,0.00781,4.20,5.52e-05
93700,0.00800,3.79,5.51e-05
93800,0.00765,4.13,5.51e-05
93900,0.00885,3.98,5.50e-05
94000,0.00790,4.18,5.49e-05
94100,0.00784,3.84,5.48e-05
94200,0.00737,4.14,5.48e-05
94300,0.00783,3.99,5.47e-05
94400,0.00818,4.22,5.46e-05
94500,0.00773,3.83,5.45e-05
94600,0.00785,4.15,5.44e-05
94700,0.00811,3.98,5.44e-05
94800,0.00738,4.25,5.43e-05
94900,0.00764,3.77,5.42e-05
95000,0.00712,4.17,5.41e-05
95100,0.00782,4.01,5.41e-05
95200,0.00816,4.25,5.40e-05
95300,0.00893,3.85,5.39e-05
95400,0.00777,4.16,5.38e-05
95500,0.00740,4.01,5.37e-05
95600,0.00754,4.23,5.37e-05
95700,0.00765,3.81,5.36e-05
95800,0.00710,4.10,5.35e-05
95900,0.00734,4.02,5.34e-05
96000,0.00875,4.24,5.33e-05
96100,0.00706,3.82,5.33e-05
96200,0.00723,4.16,5.32e-05
96300,0.00745,4.00,5.31e-05
96400,0.00760,4.22,5.30e-05
96500,0.00681,3.83,5.30e-05
96600,0.00693,4.17,5.29e-05
96700,0.00732,3.98,5.28e-05
96800,0.00703,4.27,5.27e-05
96900,0.00795,3.87,5.26e-05
97000,0.00791,4.14,5.26e-05
97100,0.00760,4.01,5.25e-05
97200,0.00809,4.22,5.24e-05
97300,0.00736,3.80,5.23e-05
97400,0.00732,4.15,5.22e-05
97500,0.00775,3.98,5.22e-05
97600,0.00768,4.20,5.21e-05
97700,0.00700,3.78,5.20e-05
97800,0.00719,4.16,5.19e-05
97900,0.00817,3.97,5.18e-05
98000,0.00794,4.21,5.18e-05
98100,0.00694,3.82,5.17e-05
98200,0.00760,4.12,5.16e-05
98300,0.00767,3.98,5.15e-05
98400,0.00727,4.15,5.15e-05
98500,0.00772,3.77,5.14e-05
98600,0.00694,4.14,5.13e-05
98700,0.00727,4.00,5.12e-05
98800,0.00732,4.20,5.11e-05
98900,0.00767,3.83,5.11e-05
99000,0.00746,4.14,5.10e-05
99100,0.00651,3.99,5.09e-05
99200,0.00703,4.24,5.08e-05
99300,0.00768,3.79,5.07e-05
99400,0.00741,4.14,5.07e-05
99500,0.00694,3.99,5.06e-05
99600,0.00720,4.24,5.05e-05
99700,0.00753,3.82,5.04e-05
99800,0.00766,4.16,5.04e-05
99900,0.00783,3.95,5.03e-05
100000,0.00828,4.17,5.02e-05
100100,0.00751,3.64,5.01e-05
100200,0.00792,4.09,5.00e-05
100300,0.00630,3.95,5.00e-05
100400,0.00741,4.25,4.99e-05
100500,0.00685,3.76,4.98e-05
100600,0.00744,4.12,4.97e-05
100700,0.00719,3.97,4.96e-05
100800,0.00737,4.19,4.96e-05
100900,0.00680,3.79,4.95e-05
101000,0.00670,3.91,4.94e-05
101100,0.00724,3.72,4.93e-05
101200,0.00678,3.93,4.93e-05
101300,0.00796,3.61,4.92e-05
101400,0.00771,4.06,4.91e-05
101500,0.00743,3.88,4.90e-05
101600,0.00734,4.06,4.89e-05
101700,0.00725,3.65,4.89e-05
101800,0.00623,4.01,4.88e-05
101900,0.00706,3.87,4.87e-05
102000,0.00669,4.10,4.86e-05
102100,0.00689,3.79,4.85e-05
102200,0.00694,4.10,4.85e-05
102300,0.00750,3.96,4.84e-05
102400,0.00705,4.25,4.83e-05
102500,0.00708,3.84,4.82e-05
102600,0.00689,4.14,4.82e-05
102700,0.00735,4.03,4.81e-05
102800,0.00773,4.21,4.80e-05
102900,0.00726,3.78,4.79e-05
103000,0.00717,4.14,4.78e-05
103100,0.00772,3.96,4.78e-05
103200,0.00715,4.15,4.77e-05
103300,0.00766,3.81,4.76e-05
103400,0.00661,4.14,4.75e-05
103500,0.00688,3.95,4.74e-05
103600,0.00741,4.21,4.74e-05
103700,0.00648,3.80,4.73e-05
103800,0.00734,4.09,4.72e-05
103900,0.00659,3.98,4.71e-05
104000,0.00648,4.23,4.70e-05
104100,0.00658,3.82,4.70e-05
104200,0.00603,4.11,4.69e-05
104300,0.00649,3.95,4.68e-05
104400,0.00650,4.15,4.67e-05
104500,0.00725,3.81,4.67e-05
104600,0.00659,4.11,4.66e-05
104700,0.00691,4.01,4.65e-05
104800,0.00723,4.25,4.64e-05
104900,0.00730,3.84,4.63e-05
105000,0.00685,4.14,4.63e-05
105100,0.00605,3.96,4.62e-05
105200,0.00737,4.23,4.61e-05
105300,0.00694,3.83,4.60e-05
105400,0.00657,4.15,4.59e-05
105500,0.00715,3.96,4.59e-05
105600,0.00695,4.24,4.58e-05
105700,0.00635,3.82,4.57e-05
105800,0.00766,4.16,4.56e-05
105900,0.00817,3.99,4.56e-05
106000,0.00704,4.21,4.55e-05
106100,0.00691,3.83,4.54e-05
106200,0.00653,4.15,4.53e-05
106300,0.00594,4.01,4.52e-05
106400,0.00718,4.20,4.52e-05
106500,0.00656,3.81,4.51e-05
106600,0.00720,4.16,4.50e-05
106700,0.00690,3.96,4.49e-05
106800,0.00650,4.23,4.49e-05
106900,0.00737,3.82,4.48e-05
107000,0.00729,4.16,4.47e-05
107100,0.00760,3.98,4.46e-05
107200,0.00647,4.22,4.45e-05
107300,0.00666,3.78,4.45e-05
107400,0.00706,4.14,4.44e-05
107500,0.00694,4.00,4.43e-05
107600,0.00648,4.21,4.42e-05
107700,0.00686,3.83,4.41e-05
107800,0.00666,4.14,4.41e-05
107900,0.00592,4.03,4.40e-05
108000,0.00678,4.20,4.39e-05
108100,0.00702,3.80,4.38e-05
108200,0.00633,4.14,4.38e-05
108300,0.00672,4.00,4.37e-05
108400,0.00592,4.22,4.36e-05
108500,0.00625,3.80,4.35e-05
108600,0.00675,4.14,4.34e-05
108700,0.00691,3.97,4.34e-05
108800,0.00677,4.24,4.33e-05
108900,0.00635,3.83,4.32e-05
109000,0.00644,4.12,4.31e-05
109100,0.00674,3.93,4.31e-05
109200,0.00693,4.27,4.30e-05
109300,0.00658,3.82,4.29e-05
109400,0.00683,4.13,4.28e-05
109500,0.00704,3.98,4.27e-05
109600,0.00704,4.19,4.27e-05
109700,0.00725,3.81,4.26e-05
109800,0.00591,4.14,4.25e-05
109900,0.00632,3.94,4.24e-05
110000,0.00623,4.22,4.24e-05
110100,0.00673,3.82,4.23e-05
110200,0.00614,4.16,4.22e-05
110300,0.00689,3.95,4.21e-05
110400,0.00699,4.22,4.20e-05
110500,0.00635,3.82,4.20e-05
110600,0.00636,4.18,4.19e-05
110700,0.00715,3.99,4.18e-05
110800,0.00593,4.20,4.17e-05
110900,0.00584,3.81,4.17e-05
111000,0.00636,4.16,4.16e-05
111100,0.00649,3.97,4.15e-05
111200,0.00648,4.25,4.14e-05
111300,0.00620,3.86,4.13e-05
111400,0.00676,4.18,4.13e-05
111500,0.00716,4.00,4.12e-05
111600,0.00604,4.20,4.11e-05
111700,0.00624,3.82,4.10e-05
111800,0.00605,4.17,4.10e-05
111900,0.00612,4.02,4.09e-05
112000,0.00717,4.23,4.08e-05
112100,0.00637,3.81,4.07e-05
112200,0.00686,4.18,4.06e-05
112300,0.00649,3.97,4.06e-05
112400,0.00696,4.20,4.05e-05
112500,0.00639,3.83,4.04e-05
112600,0.00652,4.13,4.03e-05
112700,0.00563,4.00,4.03e-05
112800,0.00626,4.23,4.02e-05
112900,0.00645,3.80,4.01e-05
113000,0.00634,4.11,4.00e-05
113100,0.00635,3.99,4.00e-05
113200,0.00670,4.24,3.99e-05
113300,0.00635,3.80,3.98e-05
113400,0.00675,4.14,3.97e-05
113500,0.00702,3.95,3.96e-05
113600,0.00655,4.22,3.96e-05
113700,0.00608,3.79,3.95e-05
113800,0.00601,4.11,3.94e-05
113900,0.00562,3.96,3.93e-05
114000,0.00569,4.19,3.93e-05
114100,0.00575,3.82,3.92e-05
114200,0.00611,4.11,3.91e-05
114300,0.00604,3.97,3.90e-05
114400,0.00599,4.18,3.90e-05
114500,0.00639,3.80,3.89e-05
114600,0.00574,4.14,3.88e-05
114700,0.00617,3.94,3.87e-05
114800,0.00593,4.18,3.86e-05
114900,0.00610,3.82,3.86e-05
115000,0.00529,4.13,3.85e-05
115100,0.00600,3.96,3.84e-05
115200,0.00585,4.19,3.83e-05
115300,0.00619,3.81,3.83e-05
115400,0.00584,4.11,3.82e-05
115500,0.00583,4.00,3.81e-05
115600,0.00666,4.22,3.80e-05
115700,0.00620,3.81,3.80e-05
115800,0.00567,4.16,3.79e-05
115900,0.00626,3.97,3.78e-05
116000,0.00590,4.22,3.77e-05
116100,0.00606,3.76,3.76e-05
116200,0.00675,4.11,3.76e-05
116300,0.00639,3.98,3.75e-05
116400,0.00622,4.23,3.74e-05
116500,0.00604,3.80,3.73e-05
116600,0.00567,4.14,3.73e-05
116700,0.00555,3.95,3.72e-05
116800,0.00610,4.19,3.71e-05
116900,0.00575,3.82,3.70e-05
117000,0.00589,4.09,3.70e-05
117100,0.00569,4.00,3.69e-05
117200,0.00600,4.24,3.68e-05
117300,0.00583,3.69,3.67e-05
117400,0.00598,4.08,3.67e-05
117500,0.00543,3.90,3.66e-05
117600,0.00617,4.21,3.65e-05
117700,0.00615,3.78,3.64e-05
117800,0.00602,4.14,3.64e-05
117900,0.00577,3.92,3.63e-05
118000,0.00588,4.23,3.62e-05
118100,0.00675,3.82,3.61e-05
118200,0.00603,4.13,3.61e-05
118300,0.00569,3.96,3.60e-05
118400,0.00590,4.16,3.59e-05
118500,0.00622,3.80,3.58e-05
118600,0.00606,4.13,3.58e-05
118700,0.00612,3.90,3.57e-05
118800,0.00604,4.21,3.56e-05
118900,0.00524,3.79,3.55e-05
119000,0.00562,4.12,3.55e-05
119100,0.00538,3.97,3.54e-05
119200,0.00584,4.22,3.53e-05
119300,0.00650,3.80,3.52e-05
119400,0.00614,4.14,3.51e-05
119500,0.00530,3.97,3.51e-05
119600,0.00580,4.12,3.50e-05
119700,0.00523,3.80,3.49e-05
119800,0.00596,4.13,3.48e-05
119900,0.00569,3.94,3.48e-05
120000,0.00566,4.20,3.47e-05
120100,0.00552,3.83,3.46e-05
120200,0.00646,4.13,3.45e-05
120300,0.00566,3.97,3.45e-05
120400,0.00512,4.19,3.44e-05
120500,0.00567,3.79,3.43e-05
120600,0.00526,4.16,3.42e-05
120700,0.00558,4.00,3.42e-05
120800,0.00615,4.21,3.41e-05
120900,0.00542,3.80,3.40e-05
121000,0.00577,4.15,3.40e-05
121100,0.00549,3.99,3.39e-05
121200,0.00585,4.18,3.38e-05
121300,0.00567,3.79,3.37e-05
121400,0.00579,4.07,3.37e-05
121500,0.00529,3.97,3.36e-05
121600,0.00608,4.19,3.35e-05
121700,0.00520,3.81,3.34e-05
121800,0.00502,4.13,3.34e-05
121900,0.00590,3.97,3.33e-05
122000,0.00536,4.20,3.32e-05
122100,0.00533,3.81,3.31e-05
122200,0.00522,4.13,3.31e-05
122300,0.00610,3.95,3.30e-05
122400,0.00551,4.24,3.29e-05
122500,0.00552,3.77,3.28e-05
122600,0.00543,4.12,3.28e-05
122700,0.00595,3.95,3.27e-05
122800,0.00643,4.18,3.26e-05
122900,0.00513,3.81,3.25e-05
123000,0.00571,4.12,3.25e-05
123100,0.00580,3.95,3.24e-05
123200,0.00475,4.16,3.23e-05
123300,0.00566,3.77,3.22e-05
123400,0.00554,4.12,3.22e-05
123500,0.00543,3.97,3.21e-05
123600,0.00565,4.20,3.20e-05
123700,0.00523,3.77,3.20e-05
123800,0.00526,4.11,3.19e-05
123900,0.00510,3.95,3.18e-05
124000,0.00505,4.22,3.17e-05
124100,0.00537,3.76,3.17e-05
124200,0.00523,4.07,3.16e-05
124300,0.00477,3.94,3.15e-05
124400,0.00513,4.18,3.14e-05
124500,0.00508,3.79,3.14e-05
124600,0.00544,4.12,3.13e-05
124700,0.00544,3.95,3.12e-05
124800,0.00575,4.19,3.11e-05
124900,0.00524,3.79,3.11e-05
125000,0.00508,4.08,3.10e-05
125100,0.00514,3.96,3.09e-05
125200,0.00568,4.22,3.09e-05
125300,0.00559,3.78,3.08e-05
125400,0.00549,4.12,3.07e-05
125500,0.00524,3.97,3.06e-05
125600,0.00502,4.17,3.06e-05
125700,0.00540,3.77,3.05e-05
125800,0.00560,4.10,3.04e-05
125900,0.00464,4.00,3.03e-05
126000,0.00559,4.22,3.03e-05
126100,0.00526,3.80,3.02e-05
126200,0.00476,4.13,3.01e-05
126300,0.00502,3.96,3.01e-05
126400,0.00574,4.21,3.00e-05
126500,0.00498,3.79,2.99e-05
126600,0.00538,4.15,2.98e-05
126700,0.00509,3.92,2.98e-05
126800,0.00556,4.22,2.97e-05
126900,0.00494,3.78,2.96e-05
127000,0.00562,4.13,2.96e-05
127100,0.00517,3.97,2.95e-05
127200,0.00558,4.19,2.94e-05
127300,0.00512,3.79,2.93e-05
127400,0.00530,4.12,2.93e-05
127500,0.00569,3.94,2.92e-05
127600,0.00510,4.15,2.91e-05
127700,0.00451,3.78,2.91e-05
127800,0.00515,4.14,2.90e-05
127900,0.00491,3.95,2.89e-05
128000,0.00572,4.16,2.88e-05
128100,0.00527,3.78,2.88e-05
128200,0.00559,4.09,2.87e-05
128300,0.00497,3.95,2.86e-05
128400,0.00592,4.16,2.86e-05
128500,0.00549,3.75,2.85e-05
128600,0.00531,4.11,2.84e-05
128700,0.00557,3.94,2.83e-05
128800,0.00560,4.13,2.83e-05
128900,0.00539,3.77,2.82e-05
129000,0.00505,4.11,2.81e-05
129100,0.00566,3.95,2.81e-05
129200,0.00525,4.14,2.80e-05
129300,0.00471,3.76,2.79e-05
129400,0.00471,4.04,2.78e-05
129500,0.00541,3.94,2.78e-05
129600,0.00520,4.18,2.77e-05
129700,0.00515,3.76,2.76e-05
129800,0.00487,4.09,2.76e-05
129900,0.00516,3.93,2.75e-05
130000,0.00445,4.14,2.74e-05
130100,0.00506,3.73,2.74e-05
130200,0.00478,4.06,2.73e-05
130300,0.00501,3.86,2.72e-05
130400,0.00467,4.15,2.71e-05
130500,0.00466,3.74,2.71e-05
130600,0.00430,4.06,2.70e-05
130700,0.00541,3.91,2.69e-05
130800,0.00505,4.11,2.69e-05
130900,0.00434,3.73,2.68e-05
131000,0.00505,4.07,2.67e-05
131100,0.00455,3.88,2.67e-05
131200,0.00500,4.10,2.66e-05
131300,0.00477,3.74,2.65e-05
131400,0.00557,4.07,2.64e-05
131500,0.00441,3.87,2.64e-05
131600,0.00532,4.11,2.63e-05
131700,0.00512,3.74,2.62e-05
131800,0.00418,4.01,2.62e-05
131900,0.00525,3.88,2.61e-05
132000,0.00486,4.07,2.60e-05
132100,0.00454,3.73,2.60e-05
132200,0.00518,4.03,2.59e-05
132300,0.00523,3.89,2.58e-05
132400,0.00545,4.11,2.58e-05
132500,0.00480,3.70,2.57e-05
132600,0.00517,4.04,2.56e-05
132700,0.00448,3.87,2.55e-05
132800,0.00439,4.08,2.55e-05
132900,0.00443,3.70,2.54e-05
133000,0.00419,4.03,2.53e-05
133100,0.00463,3.88,2.53e-05
133200,0.00454,4.10,2.52e-05
133300,0.00459,3.70,2.51e-05
133400,0.00503,4.06,2.51e-05
133500,0.00460,3.88,2.50e-05
133600,0.00464,4.13,2.49e-05
133700,0.00471,3.70,2.49e-05
133800,0.00457,4.00,2.48e-05
133900,0.00417,3.85,2.47e-05
134000,0.00489,4.08,2.47e-05
134100,0.00462,3.68,2.46e-05
134200,0.00450,4.04,2.45e-05
134300,0.00489,3.88,2.45e-05
134400,0.00525,4.08,2.44e-05
134500,0.00461,3.70,2.43e-05
134600,0.00490,4.03,2.43e-05
134700,0.00437,3.84,2.42e-05
134800,0.00454,4.12,2.41e-05
134900,0.00397,3.69,2.41e-05
135000,0.00427,4.01,2.40e-05
135100,0.00459,3.83,2.39e-05
135200,0.00435,4.05,2.38e-05
135300,0.00462,3.68,2.38e-05
135400,0.00405,4.02,2.37e-05
135500,0.00476,3.85,2.36e-05
135600,0.00453,4.07,2.36e-05
135700,0.00496,3.68,2.35e-05
135800,0.00487,4.02,2.34e-05
135900,0.00466,3.85,2.34e-05
136000,0.00518,4.09,2.33e-05
136100,0.00449,3.70,2.32e-05
136200,0.00484,4.00,2.32e-05
136300,0.00420,3.88,2.31e-05
136400,0.00476,4.05,2.30e-05
136500,0.00398,3.69,2.30e-05
136600,0.00503,4.00,2.29e-05
136700,0.00470,3.86,2.29e-05
136800,0.00468,4.09,2.28e-05
136900,0.00456,3.69,2.27e-05
137000,0.00426,4.00,2.27e-05
137100,0.00434,3.86,2.26e-05
137200,0.00407,4.08,2.25e-05
137300,0.00420,3.65,2.25e-05
137400,0.00446,3.99,2.24e-05
137500,0.00450,3.87,2.23e-05
137600,0.00393,4.11,2.23e-05
137700,0.00461,3.72,2.22e-05
137800,0.00395,4.02,2.21e-05
137900,0.00400,3.87,2.21e-05
138000,0.00441,4.08,2.20e-05
138100,0.00456,3.67,2.19e-05
138200,0.00514,4.01,2.19e-05
138300,0.00409,3.87,2.18e-05
138400,0.00416,4.11,2.17e-05
138500,0.00414,3.68,2.17e-05
138600,0.00445,4.00,2.16e-05
138700,0.00432,3.85,2.15e-05
138800,0.00434,4.08,2.15e-05
138900,0.00483,3.71,2.14e-05
139000,0.00402,4.02,2.13e-05
139100,0.00415,3.84,2.13e-05
139200,0.00402,4.11,2.12e-05
139300,0.00438,3.69,2.12e-05
139400,0.00435,4.04,2.11e-05
139500,0.00434,3.84,2.10e-05
139600,0.00435,4.08,2.10e-05
139700,0.00456,3.73,2.09e-05
139800,0.00399,4.22,2.08e-05
139900,0.00402,4.10,2.08e-05
140000,0.00408,4.35,2.07e-05
140100,0.00427,3.92,2.06e-05
140200,0.00475,4.29,2.06e-05
140300,0.00403,4.13,2.05e-05
140400,0.00413,4.36,2.05e-05
140500,0.00409,3.98,2.04e-05
140600,0.00461,4.28,2.03e-05
140700,0.00414,4.10,2.03e-05
140800,0.00465,4.40,2.02e-05
140900,0.00431,3.93,2.01e-05
141000,0.00434,4.29,2.01e-05
141100,0.00412,4.15,2.00e-05
141200,0.00405,4.39,1.99e-05
141300,0.00432,3.96,1.99e-05
141400,0.00429,4.26,1.98e-05
141500,0.00425,4.13,1.98e-05
141600,0.00441,4.34,1.97e-05
141700,0.00443,3.95,1.96e-05
141800,0.00434,4.34,1.96e-05
141900,0.00462,4.13,1.95e-05
142000,0.00427,4.39,1.94e-05
142100,0.00393,3.97,1.94e-05
142200,0.00474,4.29,1.93e-05
142300,0.00390,4.10,1.93e-05
142400,0.00381,4.30,1.92e-05
142500,0.00387,3.93,1.91e-05
142600,0.00432,4.24,1.91e-05
142700,0.00405,4.11,1.90e-05
142800,0.00431,4.37,1.89e-05
142900,0.00410,3.95,1.89e-05
143000,0.00431,4.32,1.88e-05
143100,0.00439,4.12,1.88e-05
143200,0.00448,4.38,1.87e-05
143300,0.00436,3.94,1.86e-05
143400,0.00385,4.27,1.86e-05
143500,0.00377,4.15,1.85e-05
143600,0.00403,4.36,1.85e-05
143700,0.00439,3.95,1.84e-05
143800,0.00420,4.27,1.83e-05
143900,0.00396,4.13,1.83e-05
144000,0.00367,4.35,1.82e-05
144100,0.00394,3.94,1.82e-05
144200,0.00386,4.29,1.81e-05
144300,0.00415,4.14,1.80e-05
144400,0.00364,4.35,1.80e-05
144500,0.00397,3.94,1.79e-05
144600,0.00358,4.30,1.79e-05
144700,0.00387,4.11,1.78e-05
144800,0.00399,4.35,1.77e-05
144900,0.00357,3.93,1.77e-05
145000,0.00408,4.29,1.76e-05
145100,0.00374,4.11,1.76e-05
145200,0.00371,4.33,1.75e-05
145300,0.00377,3.93,1.74e-05
145400,0.00374,4.31,1.74e-05
145500,0.00405,4.13,1.73e-05
145600,0.00399,4.38,1.73e-05
145700,0.00372,3.94,1.72e-05
145800,0.00330,4.28,1.71e-05
145900,0.00383,4.07,1.71e-05
146000,0.00430,4.41,1.70e-05
146100,0.00385,3.90,1.70e-05
146200,0.00389,4.28,1.69e-05
146300,0.00372,4.09,1.68e-05
146400,0.00405,4.38,1.68e-05
146500,0.00348,3.95,1.67e-05
146600,0.00404,4.26,1.67e-05
146700,0.00359,4.14,1.66e-05
146800,0.00387,4.32,1.65e-05
146900,0.00388,3.96,1.65e-05
147000,0.00377,4.20,1.64e-05
147100,0.00400,4.15,1.64e-05
147200,0.00420,4.47,1.63e-05
147300,0.00448,4.01,1.63e-05
147400,0.00401,4.31,1.62e-05
147500,0.00363,4.11,1.61e-05
147600,0.00402,4.36,1.61e-05
147700,0.00381,3.99,1.60e-05
147800,0.00369,4.33,1.60e-05
147900,0.00389,4.08,1.59e-05
148000,0.00384,4.40,1.58e-05
148100,0.00371,3.93,1.58e-05
148200,0.00400,4.29,1.57e-05
148300,0.00383,4.18,1.57e-05
148400,0.00376,4.41,1.56e-05
148500,0.00343,4.02,1.56e-05
148600,0.00365,4.29,1.55e-05
148700,0.00380,4.13,1.54e-05
148800,0.00388,4.41,1.54e-05
148900,0.00332,3.95,1.53e-05
149000,0.00391,4.36,1.53e-05
149100,0.00352,4.13,1.52e-05
149200,0.00369,4.44,1.52e-05
149300,0.00313,3.77,1.51e-05
149400,0.00349,4.06,1.51e-05
149500,0.00351,4.01,1.50e-05
149600,0.00372,4.25,1.49e-05
149700,0.00356,3.81,1.49e-05
149800,0.00379,4.15,1.48e-05
149900,0.00372,4.00,1.48e-05
150000,0.00372,4.24,1.47e-05
150100,0.00337,3.70,1.47e-05
150200,0.00351,4.20,1.46e-05
150300,0.00328,4.00,1.45e-05
150400,0.00315,4.21,1.45e-05
150500,0.00380,3.86,1.44e-05
150600,0.00321,4.11,1.44e-05
150700,0.00402,4.02,1.43e-05
150800,0.00334,4.26,1.43e-05
150900,0.00370,3.85,1.42e-05
151000,0.00386,4.15,1.42e-05
151100,0.00315,4.06,1.41e-05
151200,0.00353,4.20,1.41e-05
151300,0.00369,3.85,1.40e-05
151400,0.00388,4.16,1.39e-05
151500,0.00339,3.98,1.39e-05
151600,0.00360,4.25,1.38e-05
151700,0.00389,3.85,1.38e-05
151800,0.00347,4.17,1.37e-05
151900,0.00358,4.01,1.37e-05
152000,0.00373,4.21,1.36e-05
152100,0.00360,3.84,1.36e-05
152200,0.00374,4.14,1.35e-05
152300,0.00399,3.99,1.35e-05
152400,0.00337,4.23,1.34e-05
152500,0.00358,3.85,1.33e-05
152600,0.00349,4.15,1.33e-05
152700,0.00339,4.01,1.32e-05
152800,0.00401,4.23,1.32e-05
152900,0.00397,3.85,1.31e-05
153000,0.00335,4.19,1.31e-05
153100,0.00353,4.02,1.30e-05
153200,0.00327,4.21,1.30e-05
153300,0.00348,3.83,1.29e-05
153400,0.00350,4.15,1.29e-05
153500,0.00390,4.01,1.28e-05
153600,0.00291,4.29,1.28e-05
153700,0.00332,3.83,1.27e-05
153800,0.00324,4.17,1.27e-05
153900,0.00327,3.98,1.26e-05
154000,0.00334,4.22,1.26e-05
154100,0.00311,3.83,1.25e-05
154200,0.00328,4.19,1.25e-05
154300,0.00334,4.01,1.24e-05
154400,0.00343,4.28,1.23e-05
154500,0.00352,3.85,1.23e-05
154600,0.00347,4.19,1.22e-05
154700,0.00342,4.02,1.22e-05
154800,0.00309,4.22,1.21e-05
154900,0.00319,3.85,1.21e-05
155000,0.00341,4.12,1.20e-05
155100,0.00359,4.03,1.20e-05
155200,0.00345,4.28,1.19e-05
155300,0.00335,3.85,1.19e-05
155400,0.00321,4.19,1.18e-05
155500,0.00317,4.01,1.18e-05
155600,0.00290,4.23,1.17e-05
155700,0.00331,3.86,1.17e-05
155800,0.00352,4.18,1.16e-05
155900,0.00324,3.97,1.16e-05
156000,0.00303,4.27,1.15e-05
156100,0.00335,3.84,1.15e-05
156200,0.00326,4.16,1.14e-05
156300,0.00375,4.03,1.14e-05
156400,0.00338,4.26,1.13e-05
156500,0.00306,3.82,1.13e-05
156600,0.00320,4.19,1.12e-05
156700,0.00326,4.03,1.12e-05
156800,0.00299,4.23,1.11e-05
156900,0.00321,3.84,1.11e-05
157000,0.00321,4.15,1.10e-05
157100,0.00330,4.02,1.10e-05
157200,0.00327,4.30,1.09e-05
157300,0.00321,3.87,1.09e-05
157400,0.00298,4.16,1.08e-05
157500,0.00298,3.96,1.08e-05
157600,0.00331,4.23,1.07e-05
157700,0.00333,3.83,1.07e-05
157800,0.00282,4.17,1.06e-05
157900,0.00344,4.02,1.06e-05
158000,0.00325,4.23,1.05e-05
158100,0.00348,3.83,1.05e-05
158200,0.00317,4.18,1.04e-05
158300,0.00289,3.96,1.04e-05
158400,0.00323,4.26,1.04e-05
158500,0.00326,3.83,1.03e-05
158600,0.00308,4.17,1.03e-05
158700,0.00311,4.01,1.02e-05
158800,0.00288,4.27,1.02e-05
158900,0.00284,3.83,1.01e-05
159000,0.00281,4.17,1.01e-05
159100,0.00319,4.02,1.00e-05
159200,0.00288,4.23,9.97e-06
159300,0.00311,3.82,9.92e-06
159400,0.00306,4.16,9.88e-06
159500,0.00320,4.01,9.83e-06
159600,0.00303,4.24,9.78e-06
159700,0.00323,3.87,9.74e-06
159800,0.00314,4.18,9.69e-06
159900,0.00295,4.01,9.64e-06
160000,0.00288,4.25,9.60e-06
160100,0.00314,3.84,9.55e-06
160200,0.00312,4.19,9.50e-06
160300,0.00268,3.99,9.46e-06
160400,0.00309,4.26,9.41e-06
160500,0.00331,3.85,9.36e-06
160600,0.00303,4.17,9.32e-06
160700,0.00307,4.01,9.27e-06
160800,0.00297,4.25,9.23e-06
160900,0.00317,3.81,9.18e-06
161000,0.00318,4.11,9.14e-06
161100,0.00328,3.98,9.09e-06
161200,0.00311,4.17,9.05e-06
161300,0.00256,3.80,9.00e-06
161400,0.00295,4.09,8.96e-06
161500,0.00337,3.99,8.91e-06
161600,0.00303,4.21,8.87e-06
161700,0.00304,3.78,8.82e-06
161800,0.00313,4.11,8.78e-06
161900,0.00275,3.93,8.73e-06
162000,0.00278,4.24,8.69e-06
162100,0.00310,3.77,8.64e-06
162200,0.00298,4.00,8.60e-06
162300,0.00315,3.78,8.56e-06
162400,0.00299,3.81,8.51e-06
162500,0.00299,3.63,8.47e-06
162600,0.00347,4.01,8.42e-06
162700,0.00285,3.82,8.38e-06
162800,0.00292,4.05,8.34e-06
162900,0.00288,3.66,8.29e-06
163000,0.00320,3.90,8.25e-06
163100,0.00317,3.81,8.21e-06
163200,0.00294,4.08,8.16e-06
163300,0.00251,3.67,8.12e-06
163400,0.00282,3.95,8.08e-06
163500,0.00283,3.82,8.03e-06
163600,0.00298,4.02,7.99e-06
163700,0.00312,3.69,7.95e-06
163800,0.00326,4.01,7.91e-06
163900,0.00321,3.87,7.86e-06
164000,0.00303,4.18,7.82e-06
164100,0.00278,3.77,7.78e-06
164200,0.00298,4.17,7.74e-06
164300,0.00278,3.95,7.70e-06
164400,0.00295,4.20,7.65e-06
164500,0.00300,3.82,7.61e-06
164600,0.00267,4.14,7.57e-06
164700,0.00280,3.97,7.53e-06
164800,0.00287,4.24,7.49e-06
164900,0.00315,3.82,7.45e-06
165000,0.00281,4.13,7.40e-06
165100,0.00275,3.99,7.36e-06
165200,0.00295,4.21,7.32e-06
165300,0.00274,3.83,7.28e-06
165400,0.00295,4.11,7.24e-06
165500,0.00274,3.98,7.20e-06
165600,0.00282,4.21,7.16e-06
165700,0.00271,3.81,7.12e-06
165800,0.00268,4.15,7.08e-06
165900,0.00318,3.99,7.04e-06
166000,0.00264,4.27,7.00e-06
166100,0.00285,3.83,6.96e-06
166200,0.00267,4.16,6.92e-06
166300,0.00292,3.97,6.88e-06
166400,0.00294,4.21,6.84e-06
166500,0.00261,3.79,6.80e-06
166600,0.00282,4.16,6.76e-06
166700,0.00271,3.99,6.72e-06
166800,0.00273,4.28,6.68e-06
166900,0.00261,3.87,6.64e-06
167000,0.00248,4.17,6.60e-06
167100,0.00264,4.01,6.56e-06
167200,0.00310,4.25,6.52e-06
167300,0.00278,3.83,6.48e-06
167400,0.00282,4.14,6.45e-06
167500,0.00263,4.05,6.41e-06
167600,0.00304,4.24,6.37e-06
167700,0.00265,3.83,6.33e-06
167800,0.00264,4.15,6.29e-06
167900,0.00282,3.98,6.25e-06
168000,0.00274,4.22,6.22e-06
168100,0.00259,3.84,6.18e-06
168200,0.00290,4.15,6.14e-06
168300,0.00268,3.96,6.10e-06
168400,0.00263,4.19,6.06e-06
168500,0.00285,3.75,6.03e-06
168600,0.00277,4.19,5.99e-06
168700,0.00262,3.99,5.95e-06
168800,0.00276,4.23,5.91e-06
168900,0.00291,3.84,5.88e-06
169000,0.00260,4.19,5.84e-06
169100,0.00252,3.98,5.80e-06
169200,0.00266,4.27,5.77e-06
169300,0.00299,3.86,5.73e-06
169400,0.00253,4.14,5.69e-06
169500,0.00261,4.02,5.66e-06
169600,0.00273,4.24,5.62e-06
169700,0.00249,3.86,5.58e-06
169800,0.00249,4.15,5.55e-06
169900,0.00269,4.01,5.51e-06
170000,0.00233,4.28,5.48e-06
170100,0.00274,3.85,5.44e-06
170200,0.00253,4.14,5.41e-06
170300,0.00225,4.03,5.37e-06
170400,0.00243,4.25,5.33e-06
170500,0.00254,3.86,5.30e-06
170600,0.00231,4.19,5.26e-06
170700,0.00281,4.02,5.23e-06
170800,0.00217,4.23,5.19e-06
170900,0.00276,3.81,5.16e-06
171000,0.00286,4.19,5.12e-06
171100,0.00274,4.01,5.09e-06
171200,0.00243,4.26,5.05e-06
171300,0.00293,3.85,5.02e-06
171400,0.00277,4.18,4.99e-06
171500,0.00256,3.98,4.95e-06
171600,0.00262,4.23,4.92e-06
171700,0.00260,3.86,4.88e-06
171800,0.00251,4.15,4.85e-06
171900,0.00245,4.03,4.82e-06
172000,0.00255,4.27,4.78e-06
172100,0.00261,3.90,4.75e-06
172200,0.00260,4.18,4.72e-06
172300,0.00241,4.03,4.68e-06
172400,0.00277,4.25,4.65e-06
172500,0.00291,3.87,4.62e-06
172600,0.00300,4.21,4.58e-06
172700,0.00262,4.01,4.55e-06
172800,0.00245,4.27,4.52e-06
172900,0.00262,3.85,4.48e-06
173000,0.00243,4.20,4.45e-06
173100,0.00235,4.04,4.42e-06
173200,0.00265,4.29,4.39e-06
173300,0.00272,3.88,4.35e-06
173400,0.00243,4.20,4.32e-06
173500,0.00251,4.04,4.29e-06
173600,0.00271,4.24,4.26e-06
173700,0.00265,3.85,4.23e-06
173800,0.00252,4.15,4.20e-06
173900,0.00264,4.05,4.16e-06
174000,0.00244,4.27,4.13e-06
174100,0.00227,3.86,4.10e-06
174200,0.00253,4.18,4.07e-06
174300,0.00253,4.07,4.04e-06
174400,0.00256,4.27,4.01e-06
174500,0.00271,3.85,3.98e-06
174600,0.00275,4.19,3.95e-06
174700,0.00245,4.01,3.92e-06
174800,0.00266,4.27,3.89e-06
174900,0.00246,3.88,3.86e-06
175000,0.00267,4.18,3.82e-06
175100,0.00265,3.98,3.79e-06
175200,0.00272,4.27,3.76e-06
175300,0.00239,3.83,3.73e-06
175400,0.00240,4.20,3.70e-06
175500,0.00218,4.00,3.68e-06
175600,0.00252,4.27,3.65e-06
175700,0.00268,3.84,3.62e-06
175800,0.00230,4.18,3.59e-06
175900,0.00257,4.01,3.56e-06
176000,0.00256,4.23,3.53e-06
176100,0.00234,3.82,3.50e-06
176200,0.00241,4.17,3.47e-06
176300,0.00233,4.00,3.44e-06
176400,0.00249,4.30,3.41e-06
176500,0.00243,3.87,3.38e-06
176600,0.00249,4.18,3.36e-06
176700,0.00263,4.01,3.33e-06
176800,0.00229,4.26,3.30e-06
176900,0.00249,3.84,3.27e-06
177000,0.00220,4.16,3.24e-06
177100,0.00267,4.00,3.22e-06
177200,0.00274,4.22,3.19e-06
177300,0.00235,3.85,3.16e-06
177400,0.00234,4.17,3.13e-06
177500,0.00230,4.00,3.11e-06
177600,0.00250,4.28,3.08e-06
177700,0.00256,3.85,3.05e-06
177800,0.00260,4.18,3.02e-06
177900,0.00225,4.04,3.00e-06
178000,0.00247,4.28,2.97e-06
178100,0.00250,3.88,2.94e-06
178200,0.00250,4.14,2.92e-06
178300,0.00279,4.04,2.89e-06
178400,0.00250,4.29,2.86e-06
178500,0.00231,3.89,2.84e-06
178600,0.00224,4.18,2.81e-06
178700,0.00257,4.03,2.79e-06
178800,0.00266,4.24,2.76e-06
178900,0.00220,3.84,2.73e-06
179000,0.00210,4.17,2.71e-06
179100,0.00243,4.04,2.68e-06
179200,0.00206,4.22,2.66e-06
179300,0.00227,3.85,2.63e-06
179400,0.00217,4.21,2.61e-06
179500,0.00208,3.99,2.58e-06
179600,0.00219,4.27,2.56e-06
179700,0.00196,3.84,2.53e-06
179800,0.00226,4.20,2.51e-06
179900,0.00230,4.03,2.48e-06
180000,0.00266,4.29,2.46e-06
180100,0.00247,3.85,2.44e-06
180200,0.00259,4.18,2.41e-06
180300,0.00226,4.03,2.39e-06
180400,0.00219,4.26,2.36e-06
180500,0.00228,3.86,2.34e-06
180600,0.00235,4.15,2.32e-06
180700,0.00251,4.03,2.29e-06
180800,0.00235,4.22,2.27e-06
180900,0.00239,3.85,2.24e-06
181000,0.00227,4.22,2.22e-06
181100,0.00236,4.00,2.20e-06
181200,0.00232,4.25,2.18e-06
181300,0.00280,3.84,2.15e-06
181400,0.00204,4.17,2.13e-06
181500,0.00242,3.99,2.11e-06
181600,0.00182,4.25,2.08e-06
181700,0.00263,3.83,2.06e-06
181800,0.00226,4.18,2.04e-06
181900,0.00208,4.03,2.02e-06
182000,0.00223,4.29,2.00e-06
182100,0.00244,3.87,1.97e-06
182200,0.00229,4.20,1.95e-06
182300,0.00218,4.03,1.93e-06
182400,0.00203,4.24,1.91e-06
182500,0.00240,3.83,1.89e-06
182600,0.00214,4.17,1.87e-06
182700,0.00202,4.01,1.84e-06
182800,0.00224,4.27,1.82e-06
182900,0.00217,3.88,1.80e-06
183000,0.00221,4.16,1.78e-06
183100,0.00207,4.03,1.76e-06
183200,0.00212,4.28,1.74e-06
183300,0.00226,3.85,1.72e-06
183400,0.00252,4.18,1.70e-06
183500,0.00261,4.01,1.68e-06
183600,0.00225,4.26,1.66e-06
183700,0.00240,3.84,1.64e-06
183800,0.00232,4.22,1.62e-06
183900,0.00221,4.02,1.60e-06
184000,0.00210,4.23,1.58e-06
184100,0.00249,3.88,1.56e-06
184200,0.00241,4.16,1.54e-06
184300,0.00227,4.02,1.52e-06
184400,0.00209,4.29,1.50e-06
184500,0.00226,3.88,1.48e-06
184600,0.00226,4.19,1.46e-06
184700,0.00215,4.06,1.44e-06
184800,0.00209,4.24,1.43e-06
184900,0.00225,3.85,1.41e-06
185000,0.00238,4.16,1.39e-06
185100,0.00238,4.02,1.37e-06
185200,0.00219,4.28,1.35e-06
185300,0.00234,3.86,1.33e-06
185400,0.00244,4.21,1.32e-06
185500,0.00253,4.04,1.30e-06
185600,0.00226,4.26,1.28e-06
185700,0.00234,3.86,1.26e-06
185800,0.00213,4.17,1.24e-06
185900,0.00248,3.97,1.23e-06
186000,0.00254,4.26,1.21e-06
186100,0.00203,3.85,1.19e-06
186200,0.00216,4.16,1.18e-06
186300,0.00221,4.04,1.16e-06
186400,0.00228,4.27,1.14e-06
186500,0.00210,3.84,1.13e-06
186600,0.00222,4.19,1.11e-06
186700,0.00252,4.01,1.09e-06
186800,0.00233,4.27,1.08e-06
186900,0.00213,3.85,1.06e-06
187000,0.00226,4.18,1.04e-06
187100,0.00232,3.98,1.03e-06
187200,0.00224,4.29,1.01e-06
187300,0.00249,3.84,9.97e-07
187400,0.00215,4.18,9.81e-07
187500,0.00237,4.04,9.66e-07
187600,0.00229,4.25,9.50e-07
187700,0.00213,3.84,9.35e-07
187800,0.00202,4.20,9.20e-07
187900,0.00225,4.01,9.05e-07
188000,0.00215,4.27,8.90e-07
188100,0.00231,3.88,8.75e-07
188200,0.00262,4.20,8.61e-07
188300,0.00195,3.96,8.46e-07
188400,0.00215,4.20,8.32e-07
188500,0.00200,3.81,8.18e-07
188600,0.00238,4.15,8.04e-07
188700,0.00218,4.05,7.90e-07
188800,0.00196,4.25,7.76e-07
188900,0.00213,3.82,7.62e-07
189000,0.00206,4.17,7.48e-07
189100,0.00213,4.02,7.35e-07
189200,0.00233,4.28,7.21e-07
189300,0.00204,3.86,7.08e-07
189400,0.00193,4.17,6.95e-07
189500,0.00232,3.98,6.82e-07
189600,0.00199,4.22,6.69e-07
189700,0.00229,3.88,6.56e-07
189800,0.00229,4.14,6.44e-07
189900,0.00218,4.03,6.31e-07
190000,0.00229,4.30,6.19e-07
190100,0.00211,3.85,6.06e-07
190200,0.00228,4.15,5.94e-07
190300,0.00236,4.02,5.82e-07
190400,0.00230,4.21,5.70e-07
190500,0.00229,3.87,5.58e-07
190600,0.00235,4.15,5.47e-07
190700,0.00199,3.99,5.35e-07
190800,0.00209,4.30,5.24e-07
190900,0.00224,3.84,5.12e-07
191000,0.00204,4.17,5.01e-07
191100,0.00204,4.01,4.90e-07
191200,0.00216,4.20,4.79e-07
191300,0.00231,3.84,4.69e-07
191400,0.00205,4.19,4.58e-07
191500,0.00257,3.98,4.47e-07
191600,0.00207,4.25,4.37e-07
191700,0.00208,3.86,4.26e-07
191800,0.00194,4.19,4.16e-07
191900,0.00218,4.03,4.06e-07
192000,0.00230,4.25,3.96e-07
192100,0.00242,3.82,3.86e-07
192200,0.00204,4.19,3.77e-07
192300,0.00197,4.00,3.67e-07
192400,0.00217,4.30,3.58e-07
192500,0.00213,3.85,3.48e-07
192600,0.00219,4.21,3.39e-07
192700,0.00246,4.04,3.30e-07
192800,0.00209,4.28,3.21e-07
192900,0.00183,3.85,3.12e-07
193000,0.00235,4.14,3.03e-07
193100,0.00226,4.02,2.95e-07
193200,0.00228,4.27,2.86e-07
193300,0.00232,3.85,2.78e-07
193400,0.00218,4.18,2.70e-07
193500,0.00232,4.06,2.62e-07
193600,0.00235,4.26,2.54e-07
193700,0.00215,3.84,2.46e-07
193800,0.00226,4.17,2.38e-07
193900,0.00226,3.97,2.31e-07
194000,0.00198,4.25,2.23e-07
194100,0.00201,3.86,2.16e-07
194200,0.00206,4.16,2.08e-07
194300,0.00218,4.03,2.01e-07
194400,0.00228,4.26,1.94e-07
194500,0.00227,3.88,1.87e-07
194600,0.00206,4.20,1.81e-07
194700,0.00219,4.03,1.74e-07
194800,0.00229,4.27,1.68e-07
194900,0.00202,3.83,1.61e-07
195000,0.00215,4.16,1.55e-07
195100,0.00218,3.99,1.49e-07
195200,0.00222,4.25,1.43e-07
195300,0.00242,3.88,1.37e-07
195400,0.00194,4.20,1.31e-07
195500,0.00219,4.00,1.25e-07
195600,0.00200,4.27,1.20e-07
195700,0.00233,3.82,1.15e-07
195800,0.00230,4.20,1.09e-07
195900,0.00209,4.03,1.04e-07
196000,0.00213,4.26,9.92e-08
196100,0.00226,3.85,9.43e-08
196200,0.00215,4.20,8.95e-08
196300,0.00222,4.00,8.48e-08
196400,0.00209,4.24,8.03e-08
196500,0.00226,3.82,7.59e-08
196600,0.00221,4.15,7.16e-08
196700,0.00226,4.02,6.75e-08
196800,0.00223,4.25,6.35e-08
196900,0.00223,3.85,5.96e-08
197000,0.00216,4.19,5.58e-08
197100,0.00176,4.00,5.21e-08
197200,0.00227,4.26,4.86e-08
197300,0.00204,3.89,4.52e-08
197400,0.00206,4.19,4.19e-08
197500,0.00233,3.98,3.87e-08
197600,0.00199,4.20,3.57e-08
197700,0.00230,3.83,3.28e-08
197800,0.00227,4.17,3.00e-08
197900,0.00219,4.01,2.73e-08
198000,0.00230,4.27,2.48e-08
198100,0.00227,3.86,2.24e-08
198200,0.00200,4.18,2.01e-08
198300,0.00220,4.01,1.79e-08
198400,0.00241,4.22,1.59e-08
198500,0.00206,3.84,1.39e-08
198600,0.00208,4.20,1.22e-08
198700,0.00202,3.97,1.05e-08
198800,0.00232,4.23,8.93e-09
198900,0.00233,3.85,7.50e-09
199000,0.00237,4.16,6.20e-09
199100,0.00200,4.02,5.02e-09
199200,0.00224,4.24,3.97e-09
199300,0.00235,3.81,3.04e-09
199400,0.00210,4.18,2.23e-09
199500,0.00236,4.02,1.55e-09
199600,0.00237,4.27,9.92e-10
199700,0.00240,3.88,5.58e-10
199800,0.00219,4.19,2.48e-10
199900,0.00240,4.00,6.20e-11
200000,0.00202,4.25,0.00e+00
